email,comment_count
Abigail.OConnell@june.org,1
Abigail@trudie.com,1
Adolf.Russel@clark.ca,1
Adolph.Hayes@isobel.biz,1
Adolph.Ondricka@mozell.co.uk,1
Adrianna_Howell@molly.io,1
Afton.Medhurst@mina.info,1
Aglae@gerardo.name,1
Aglae_Goldner@madisyn.co.uk,1
Ahmed_Runolfsson@claire.name,1
Aimee.Bins@braeden.ca,1
Alaina_Hammes@carter.info,1
Albert@johnny.biz,1
Aleen@tania.biz,1
Alena@deron.name,1
Alessandra.Nitzsche@stephania.us,1
Alexandre@derrick.co.uk,1
Alexandro@garry.io,1
Alexie@alayna.org,1
Alexzander_Davis@eduardo.name,1
Alfonzo.Barton@kelley.co.uk,1
Alfred@sadye.biz,1
Alia@addison.org,1
Alice_Considine@daren.com,1
Allen@richard.biz,1
Ally_Kassulke@rashad.ca,1
Alphonso_Rosenbaum@valentin.co.uk,1
Alva@cassandre.net,1
Amely.Kunde@rodrigo.co.uk,1
Americo@estrella.net,1
Amina@emmet.org,1
Amir@kaitlyn.org,1
Amiya.Morar@emma.tv,1
Amiya@perry.us,1
Amos_Rohan@mozelle.tv,1
Amy@reymundo.org,1
Amya@durward.ca,1
Angelita@aliza.me,1
Angelita@sally.org,1
Aniyah.Ortiz@monte.me,1
Annabelle@cole.com,1
Anthony.Koepp@savannah.tv,1
Antwan@lori.ca,1
Antwon@domenico.me,1
April@larissa.co.uk,1
Ardella@khalid.biz,1
Arjun@natalie.ca,1
Ashlee_Jast@emie.biz,1
Ashleigh@annette.ca,1
Aurelie_McKenzie@providenci.biz,1
Aurelio.Pfeffer@griffin.ca,1
Autumn.Lebsack@kasandra.ca,1
Ayden_Hickle@stephany.tv,1
Aylin@abigale.me,1
Belle.Braun@otis.name,1
Ben@elouise.net,1
Benton@jayde.tv,1
Bernie.Bergnaum@lue.com,1
Bernie.Schoen@seamus.co.uk,1
Bertha@erik.co.uk,1
Beverly@perry.org,1
Blake_Spinka@robyn.info,1
Bonita@karl.biz,1
Bradley.Lang@marilyne.tv,1
Brant@yasmin.co.uk,1
Brennon@carmela.tv,1
Bridie@pearl.ca,1
Brisa@carrie.us,1
Buford@shaylee.biz,1
Caleb_Dach@kathleen.us,1
Caleb_Herzog@rosamond.net,1
Caleigh@eleanore.org,1
Camila_Runolfsdottir@tressa.tv,1
Camryn.Weimann@doris.io,1
Carissa.Krajcik@jean.name,1
Carlee_Heathcote@harley.tv,1
Carlo@cortney.net,1
Carmen_Keeling@caroline.name,1
Carolina.Auer@polly.co.uk,1
Carolyn@eloisa.biz,1
Cary@taurean.biz,1
Cassidy@maribel.io,1
Cassie@diana.org,1
Catharine@jordyn.com,1
Cecelia_Nitzsche@marty.com,1
Cesar_Volkman@letitia.biz,1
Chanelle@samson.me,1
Cheyanne.Schowalter@alycia.biz,1
Christiana@lawrence.info,1
Christine@ayana.info,1
Christop_Friesen@jordan.me,1
Cicero_Goldner@elenor.tv,1
Clare.Aufderhar@nicole.ca,1
Claudia@emilia.ca,1
Cleve@royal.us,1
Clifton_Boehm@jacynthe.io,1
Colin_Gutkowski@muriel.net,1
Conner@daron.info,1
Cooper_Boehm@damian.biz,1
Corbin.Hilll@modesto.biz,1
Cordelia.Oberbrunner@peyton.com,1
Corene_Mante@rory.com,1
Cristina.DAmore@destini.biz,1
Dallas@ole.me,1
Danika.Dicki@mekhi.biz,1
Danyka_Stark@jedidiah.name,1
Dario@barton.info,1
Darron.Nikolaus@eulah.me,1
Darryl@reginald.us,1
Dashawn@garry.com,1
Davion@eldora.net,1
Deborah@fletcher.co.uk,1
Delpha_Cormier@raymond.org,1
Delta_Welch@carleton.tv,1
Demetris.Bergnaum@fae.io,1
Dennis@karley.net,1
Derek@hildegard.net,1
Desmond_Graham@kailee.biz,1
Destany@bailey.info,1
Destinee.Simonis@jose.tv,1
Devan.Nader@ettie.me,1
Dexter.Pacocha@lauren.biz,1
Dock.Parker@roy.biz,1
Dolly@mandy.co.uk,1
Domenic.Durgan@joaquin.name,1
Domenic.Wuckert@jazmyne.us,1
Domenick@russell.ca,1
Domenick_Douglas@gabe.us,1
Dominique_Hermann@paige.ca,1
Don@cameron.co.uk,1
Donna@frederik.com,1
Donnell@orland.org,1
Donnell@polly.net,1
Donnie@alfreda.biz,1
Doug@alana.co.uk,1
Douglas@anabel.org,1
Drew_Lemke@alexis.net,1
Duane_Dach@demario.us,1
Durward@cindy.com,1
Earnest.Sanford@lane.us,1
Edythe@general.org,1
Efren.Konopelski@madisyn.us,1
Elda@orval.name,1
Eldora@madge.com,1
Eleanora@karson.net,1
Elian@matilda.me,1
Eliane@libby.net,1
Eliseo@gardner.biz,1
Eloy@vladimir.com,1
Emerald_Murazik@darrell.biz,1
Emily_Flatley@ephraim.name,1
Emma@joanny.ca,1
Emmet@guy.biz,1
Enrico_Feil@liana.biz,1
Eriberto@geovany.ca,1
Erika.Murazik@jorge.me,1
Ernestina@piper.biz,1
Estel@newton.ca,1
Estelle@valentina.info,1
Esther@ford.me,1
Esther_Ratke@shayna.biz,1
Ethelyn.Moore@gabe.info,1
Ethelyn.Schneider@emelia.co.uk,1
Ethyl_Bogan@candace.co.uk,1
Ettie_Bashirian@lambert.biz,1
Eugene@mohammed.net,1
Evangeline@chad.net,1
Evangeline_Kuvalis@santina.ca,1
Ezra_Abshire@lyda.us,1
Fanny@danial.com,1
Faustino.Keeling@morris.co.uk,1
Felton_Huel@terrell.biz,1
Ferne_Bogan@angus.info,1
Francesco.Gleason@nella.us,1
Frank@rosalind.name,1
Freeda.Kirlin@eddie.ca,1
Freeman.Dare@ada.name,1
Freida@brandt.tv,1
Gabriel@oceane.biz,1
Gabrielle@jada.co.uk,1
Gage_Turner@halle.name,1
Garett_Gusikowski@abigale.me,1
Gaylord@russell.net,1
General@schuyler.org,1
Gennaro@jaunita.co.uk,1
Georgianna@florence.io,1
Gerda.Reynolds@ceasar.co.uk,1
Gideon.Hyatt@jalen.tv,1
Gideon@amina.name,1
Gilda@jacques.org,1
Glenna@caesar.org,1
Glenna_Waters@retha.me,1
Gregory.Kutch@shawn.info,1
Grover_Volkman@coty.tv,1
Guillermo_Dare@dorothea.tv,1
Gussie_Kunde@sharon.biz,1
Hannah@emma.ca,1
Harmony@reggie.com,1
Haven_Barrows@brant.org,1
Hayden@althea.biz,1
Hayden_Olson@marianna.me,1
Haylie@gino.name,1
Hermann.Kunde@rosina.us,1
Hettie_Morar@wiley.info,1
Hildegard.Aufderhar@howard.com,1
Hildegard@alford.ca,1
Hilma.Kutch@ottilie.info,1
Holden@kenny.io,1
Hoyt_Dickens@napoleon.ca,1
Hudson.Blick@ruben.biz,1
Imelda_Klein@melany.biz,1
Irma.OKon@arden.me,1
Isaac@allene.net,1
Isac_Schmeler@barton.com,1
Isaias_Kuhic@jarrett.net,1
Isidro_Kiehn@cristina.org,1
Itzel@fritz.io,1
Ivah@brianne.net,1
Jackeline@eva.tv,1
Jacky@victoria.net,1
Jacquelyn@krista.info,1
Jacquelyn@kristian.net,1
Jacquelyn_Kutch@kaya.co.uk,1
Jaeden.Towne@arlene.tv,1
Jameson@tony.info,1
Jamey_Dare@johnny.org,1
Janelle_Guann@americo.info,1
Janice@alda.io,1
Janick@marty.me,1
Jaren.Schiller@augusta.org,1
Jarred@dangelo.name,1
Jasen.Kihn@devon.biz,1
Jasen_Rempel@willis.org,1
Javier.Dicki@damien.org,1
Jaycee.Turner@euna.name,1
Jaycee@aimee.us,1
Jayde@geovanny.io,1
Jaylan.Braun@lane.us,1
Jaylan.Mayert@norbert.biz,1
Jayne_Kuhic@sydney.com,1
Jeanie.McGlynn@enoch.ca,1
Jedediah@mason.io,1
Jeffery@juwan.us,1
Jena.OKeefe@adonis.net,1
Jenifer_Lowe@reuben.ca,1
Jennifer.Rowe@zoe.org,1
Jennifer@shania.ca,1
Jennings_Pouros@erica.biz,1
Jerald@laura.io,1
Jeremy.Harann@waino.me,1
Jessika@crystel.ca,1
Jessy.Boyle@vernice.biz,1
Joana.Schoen@leora.co.uk,1
Joesph@darryl.net,1
Joesph@matteo.info,1
Jonathon_Feest@maxime.io,1
Joseph@corrine.com,1
Joshua.Spinka@toby.io,1
Jovan@aaliyah.tv,1
Jovanny@abigale.ca,1
Juana_Stamm@helmer.com,1
Judd@lucinda.ca,1
Julien_OHara@vance.io,1
Juston.Ruecker@scot.tv,1
Kacey@jamal.info,1
Kadin@walter.io,1
Kailee.Larkin@amina.org,1
Kailyn@ivory.info,1
Kara_Stokes@connie.co.uk,1
Kariane@jadyn.tv,1
Karina.Donnelly@liam.com,1
Katarina.Wolff@joel.io,1
Kayla@susanna.org,1
Kelton_McKenzie@danial.us,1
Kenton_Carter@yolanda.co.uk,1
Kenton_Vandervort@friedrich.com,1
Kenyatta@renee.io,1
Kenyon@retha.me,1
Keshaun@brown.biz,1
Khalil@emile.co.uk,1
Khalil_Sawayn@tanya.net,1
Kiana_Predovic@yasmin.io,1
Kirstin@tina.info,1
Kyleigh@ruben.org,1
Lacey@novella.biz,1
Lamont@georgiana.biz,1
Lauren.Hodkiewicz@jarret.info,1
Laurie@lincoln.us,1
Laverna@rico.biz,1
Laverne_Price@scotty.info,1
Lavinia@lafayette.me,1
Lawson@demarco.co.uk,1
Lazaro@nadia.ca,1
Lee@dawn.net,1
Lemuel@willow.name,1
Lenora@derrick.biz,1
Leone_Fay@orrin.com,1
Lester@chauncey.ca,1
Letha@liliane.ca,1
Lew@alysha.tv,1
Lindsay@kiley.name,1
Lindsey@caitlyn.net,1
Litzy@kaylie.io,1
Lizeth@kellen.org,1
Lizzie_Bartell@diamond.net,1
Lonzo@lorena.org,1
Loren@aric.biz,1
Lorenza.Carter@consuelo.ca,1
Lottie.Zieme@ruben.us,1
Lottie_Wyman@jasen.biz,1
Lowell.Pagac@omari.biz,1
Lowell@mossie.com,1
Loy@gillian.me,1
Lucio@gladys.tv,1
Luella.Pollich@gloria.org,1
Lura@rod.tv,1
Lurline@marvin.biz,1
Macey@abbie.org,1
Madaline@marlin.org,1
Madelynn.Gorczany@darion.biz,1
Madisen.Hauck@barney.co.uk,1
Madonna@will.com,1
Magdalen@holly.io,1
Makenzie@libbie.io,1
Mallory_Kunze@marie.org,1
Malvina_Fay@louie.name,1
Manuela_Stehr@chelsie.tv,1
Marcia@name.biz,1
Marco.Langworth@zoie.org,1
Marco@jennyfer.biz,1
Margarett_Jenkins@harley.us,1
Margarett_Klein@mike.biz,1
Margarita@casper.io,1
Maria@laurel.name,1
Mariana_Orn@preston.org,1
Marianna.Pacocha@george.net,1
Marianna_Wilkinson@rupert.io,1
Marianne@maximo.us,1
Marilou_Halvorson@kane.io,1
Maryam.Mann@thelma.info,1
Maryam@jack.name,1
Mathias@richmond.info,1
Matt.Moen@gilda.org,1
Matteo@marquis.net,1
Maureen_Mueller@lance.us,1
Maxwell@adeline.me,1
May_Steuber@virgil.net,1
Maynard.Hodkiewicz@roberta.com,1
Megane.Fritsch@claude.name,1
Meghan@akeem.tv,1
Meghan_Littel@rene.us,1
Melody@london.name,1
Merle.Schultz@marcel.org,1
Micaela.Powlowski@saul.me,1
Micaela_Bins@mertie.us,1
Micah_Wolf@lennie.co.uk,1
Michel@keira.us,1
Mike.Kozey@gladyce.us,1
Milan.Schoen@cortney.io,1
Mina@mallie.name,1
Mina@nikita.tv,1
Minerva.Anderson@devonte.ca,1
Mitchel.Williamson@fletcher.io,1
Mitchel@hal.co.uk,1
Mollie@agustina.name,1
Molly_Kertzmann@tristin.me,1
Moriah_Welch@richmond.org,1
Murphy.Kris@casimer.me,1
Name.Walter@zoie.me,1
Naomie_Cronin@rick.co.uk,1
Natalia@caitlyn.ca,1
Nathan@solon.io,1
Nathanael@jada.org,1
Nelson@charlene.biz,1
Newton.Kertzmann@anjali.io,1
Nicholaus@mikayla.ca,1
Nichole_Bartoletti@mozell.me,1
Nicklaus@talon.io,1
Nikita@garfield.biz,1
Nikko_Reynolds@harry.me,1
Nina@osbaldo.name,1
Noemie@marques.me,1
Noemy.Hammes@lisette.net,1
Norberto_Weimann@ford.tv,1
Norma@abraham.co.uk,1
Nyah@otho.com,1
Olen@bryce.net,1
Olin@edmund.ca,1
Omari@veronica.us,1
Orland@larry.name,1
Orlando_Dickinson@vern.org,1
Orval.Treutel@arnold.me,1
Oscar@pearline.com,1
Oswald.Vandervort@leanne.org,1
Otilia.Daniel@elvie.io,1
Otilia.Schuppe@randal.com,1
Ottis@lourdes.org,1
Owen_Moore@jeremy.org,1
Pablo.Ritchie@tyrique.co.uk,1
Paolo@cristopher.com,1
Pascale@fleta.ca,1
Patience_Bahringer@dameon.biz,1
Pearlie.Kling@sandy.com,1
Pearline@veda.ca,1
Piper@linwood.us,1
Presley.Mueller@myrl.com,1
Preston_Hudson@blaise.tv,1
Priscilla@colten.org,1
Providenci.Heller@lenna.info,1
Raheem_Heaney@gretchen.biz,1
Ramiro_Kuhn@harmon.biz,1
Raphaelle@miller.com,1
Reagan_Ziemann@ross.io,1
Rebecca_Hessel@edna.net,1
Reinhold.Schiller@kelly.info,1
Remington_Mohr@vincenza.me,1
Ressie.Boehm@flossie.com,1
Reyes@hailey.name,1
Rhett.OKon@brian.info,1
Richard@chelsie.co.uk,1
Rick@carlos.tv,1
River.Grady@lavada.biz,1
Robin@gaylord.biz,1
Robin_Jacobi@verdie.net,1
Rocky_Ullrich@rowena.name,1
Roma_Doyle@alia.com,1
Ronny@rosina.org,1
Rosanna_Kunze@guy.net,1
Royce@jaiden.co.uk,1
Russel.Parker@kameron.io,1
Sabrina.Marks@savanah.name,1
Sabrina@raymond.biz,1
Sage_Mueller@candace.net,1
Salma@francis.net,1
Samara@shaun.org,1
Sandy.Erdman@sabina.info,1
Sebastian_Gaylord@freda.org,1
Sedrick@mertie.tv,1
Selena.Quigley@johan.co.uk,1
Shany@daisha.biz,1
Shea@angelina.biz,1
Shemar@ewell.name,1
Shyanne@rick.info,1
Sister.Morissette@adelia.io,1
Sister@miller.net,1
Sister_Barton@lela.com,1
Solon.Goldner@judah.org,1
Sophia@arianna.co.uk,1
Sophie@antoinette.ca,1
Stefan.Crist@duane.ca,1
Stephania_Stanton@demond.biz,1
Susan.Bartell@euna.org,1
Sven@gudrun.info,1
Tatum_Marks@jaylon.name,1
Taya@milan.biz,1
Telly_Lynch@karl.co.uk,1
Tessie@emilie.co.uk,1
Thaddeus.Halvorson@ruthe.ca,1
Thea@aurelio.org,1
Tia@kirsten.info,1
Tiana@jeramie.tv,1
Tillman_Koelpin@luisa.com,1
Timmothy.Corwin@augustus.co.uk,1
Timmothy_Okuneva@alyce.tv,1
Timothy_Heathcote@jose.name,1
Tom.Russel@pattie.org,1
Tomasa@lee.us,1
Toni@joesph.biz,1
Torrey@june.tv,1
Trent@samir.net,1
Trevion_Kuphal@bernice.name,1
Trey.Harber@christop.biz,1
Tyrel@hunter.net,1
Tyrell@abdullah.ca,1
Ursula.Kirlin@eino.org,1
Vallie@jerrod.net,1
Vella.Mayer@colten.net,1
Veronica_Goodwin@timmothy.net,1
Vesta_Crooks@dora.us,1
Vickie_Schuster@harley.net,1
Vince_Crist@heidi.biz,1
Vincenza_Klocko@albertha.name,1
Viola@aric.co.uk,1
Violette@naomi.tv,1
Virgie@layne.org,1
Vivianne@ima.us,1
Vivienne@willis.org,1
Vladimir_Schumm@sharon.tv,1
Wendell.Marvin@maegan.net,1
Wilbert@cheyenne.ca,1
Wilburn_Labadie@araceli.name,1
Wilson.Nikolaus@fredrick.org,1
Winona_Price@jevon.me,1
Wyman.Swaniawski@marjorie.name,1
Yasmeen@golda.ca,1
Yasmin.Prohaska@hanna.co.uk,1
Yoshiko@viviane.name,1
Zander@santino.net,1
Zella@jan.net,1
Zola@lizzie.com,1
